sentence_id,sentence,word,label,prediction
1,Puno hvala from Deutschland,Puno,BS,BS
1,Puno hvala from Deutschland,hvala,BS,BS
1,Puno hvala from Deutschland,from,O,O
1,Puno hvala from Deutschland,Deutschland,DE,DE
2,"Ne znam koliko ce ti bit uspjesno dobit vizu za Njemacku, uzet u obzir da je ovdje Ausländerbehörde u rasulu.",Ne,BS,BS
2,"Ne znam koliko ce ti bit uspjesno dobit vizu za Njemacku, uzet u obzir da je ovdje Ausländerbehörde u rasulu.",znam,BS,BS
2,"Ne znam koliko ce ti bit uspjesno dobit vizu za Njemacku, uzet u obzir da je ovdje Ausländerbehörde u rasulu.",koliko,BS,BS
2,"Ne znam koliko ce ti bit uspjesno dobit vizu za Njemacku, uzet u obzir da je ovdje Ausländerbehörde u rasulu.",ce,BS,BS
2,"Ne znam koliko ce ti bit uspjesno dobit vizu za Njemacku, uzet u obzir da je ovdje Ausländerbehörde u rasulu.",ti,BS,BS
2,"Ne znam koliko ce ti bit uspjesno dobit vizu za Njemacku, uzet u obzir da je ovdje Ausländerbehörde u rasulu.",bit,BS,BS
2,"Ne znam koliko ce ti bit uspjesno dobit vizu za Njemacku, uzet u obzir da je ovdje Ausländerbehörde u rasulu.",uspjesno,BS,BS
2,"Ne znam koliko ce ti bit uspjesno dobit vizu za Njemacku, uzet u obzir da je ovdje Ausländerbehörde u rasulu.",dobit,BS,BS
2,"Ne znam koliko ce ti bit uspjesno dobit vizu za Njemacku, uzet u obzir da je ovdje Ausländerbehörde u rasulu.",vizu,BS,BS
2,"Ne znam koliko ce ti bit uspjesno dobit vizu za Njemacku, uzet u obzir da je ovdje Ausländerbehörde u rasulu.",za,BS,BS
2,"Ne znam koliko ce ti bit uspjesno dobit vizu za Njemacku, uzet u obzir da je ovdje Ausländerbehörde u rasulu.",Njemacku,BS,BS
2,"Ne znam koliko ce ti bit uspjesno dobit vizu za Njemacku, uzet u obzir da je ovdje Ausländerbehörde u rasulu.",uzet,BS,BS
2,"Ne znam koliko ce ti bit uspjesno dobit vizu za Njemacku, uzet u obzir da je ovdje Ausländerbehörde u rasulu.",u,BS,BS
2,"Ne znam koliko ce ti bit uspjesno dobit vizu za Njemacku, uzet u obzir da je ovdje Ausländerbehörde u rasulu.",obzir,BS,BS
2,"Ne znam koliko ce ti bit uspjesno dobit vizu za Njemacku, uzet u obzir da je ovdje Ausländerbehörde u rasulu.",da,BS,BS
2,"Ne znam koliko ce ti bit uspjesno dobit vizu za Njemacku, uzet u obzir da je ovdje Ausländerbehörde u rasulu.",je,BS,BS
2,"Ne znam koliko ce ti bit uspjesno dobit vizu za Njemacku, uzet u obzir da je ovdje Ausländerbehörde u rasulu.",ovdje,BS,BS
2,"Ne znam koliko ce ti bit uspjesno dobit vizu za Njemacku, uzet u obzir da je ovdje Ausländerbehörde u rasulu.",Ausländerbehörde,DE,DE
2,"Ne znam koliko ce ti bit uspjesno dobit vizu za Njemacku, uzet u obzir da je ovdje Ausländerbehörde u rasulu.",u,BS,BS
2,"Ne znam koliko ce ti bit uspjesno dobit vizu za Njemacku, uzet u obzir da je ovdje Ausländerbehörde u rasulu.",rasulu,BS,BS
3,"Ich komme kasnije kući, [NAME] me zadržao na poslu.",Ich,DE,DE
3,"Ich komme kasnije kući, [NAME] me zadržao na poslu.",komme,DE,DE
3,"Ich komme kasnije kući, [NAME] me zadržao na poslu.",kasnije,BS,BS
3,"Ich komme kasnije kući, [NAME] me zadržao na poslu.",kući,BS,BS
3,"Ich komme kasnije kući, [NAME] me zadržao na poslu.",[NAME],O,O
3,"Ich komme kasnije kući, [NAME] me zadržao na poslu.",me,BS,BS
3,"Ich komme kasnije kući, [NAME] me zadržao na poslu.",zadržao,BS,BS
3,"Ich komme kasnije kući, [NAME] me zadržao na poslu.",na,BS,BS
3,"Ich komme kasnije kući, [NAME] me zadržao na poslu.",poslu,BS,BS
4,Jel možeš kupiti Brot kad ideš iz Arbeit?,Jel,BS,BS
4,Jel možeš kupiti Brot kad ideš iz Arbeit?,možeš,BS,BS
4,Jel možeš kupiti Brot kad ideš iz Arbeit?,kupiti,BS,BS
4,Jel možeš kupiti Brot kad ideš iz Arbeit?,Brot,DE,DE
4,Jel možeš kupiti Brot kad ideš iz Arbeit?,kad,BS,BS
4,Jel možeš kupiti Brot kad ideš iz Arbeit?,ideš,BS,BS
4,Jel možeš kupiti Brot kad ideš iz Arbeit?,iz,BS,BS
4,Jel možeš kupiti Brot kad ideš iz Arbeit?,Arbeit,DE,DE
5,"[NAME] je rekao da će doći oko 18h, aber nisam sigurna.",[NAME],O,O
5,"[NAME] je rekao da će doći oko 18h, aber nisam sigurna.",je,BS,BS
5,"[NAME] je rekao da će doći oko 18h, aber nisam sigurna.",rekao,BS,BS
5,"[NAME] je rekao da će doći oko 18h, aber nisam sigurna.",da,BS,BS
5,"[NAME] je rekao da će doći oko 18h, aber nisam sigurna.",će,BS,BS
5,"[NAME] je rekao da će doći oko 18h, aber nisam sigurna.",doći,BS,BS
5,"[NAME] je rekao da će doći oko 18h, aber nisam sigurna.",oko,BS,BS
5,"[NAME] je rekao da će doći oko 18h, aber nisam sigurna.",18h,O,O
5,"[NAME] je rekao da će doći oko 18h, aber nisam sigurna.",aber,DE,DE
5,"[NAME] je rekao da će doći oko 18h, aber nisam sigurna.",nisam,BS,BS
5,"[NAME] je rekao da će doći oko 18h, aber nisam sigurna.",sigurna,BS,BS
6,"Moram morgen früh aufstehen, imamo Termin kod doktora.",Moram,BS,BS
6,"Moram morgen früh aufstehen, imamo Termin kod doktora.",morgen,DE,DE
6,"Moram morgen früh aufstehen, imamo Termin kod doktora.",früh,DE,DE
6,"Moram morgen früh aufstehen, imamo Termin kod doktora.",aufstehen,DE,DE
6,"Moram morgen früh aufstehen, imamo Termin kod doktora.",imamo,BS,BS
6,"Moram morgen früh aufstehen, imamo Termin kod doktora.",Termin,DE,DE
6,"Moram morgen früh aufstehen, imamo Termin kod doktora.",kod,BS,BS
6,"Moram morgen früh aufstehen, imamo Termin kod doktora.",doktora,BS,BS
7,Jesi vidjela gdje sam ostavio Schlüssel?,Jesi,BS,BS
7,Jesi vidjela gdje sam ostavio Schlüssel?,vidjela,BS,BS
7,Jesi vidjela gdje sam ostavio Schlüssel?,gdje,BS,BS
7,Jesi vidjela gdje sam ostavio Schlüssel?,sam,BS,BS
7,Jesi vidjela gdje sam ostavio Schlüssel?,ostavio,BS,BS
7,Jesi vidjela gdje sam ostavio Schlüssel?,Schlüssel,DE,DE
8,"Možeš li poslati Adresse opet, ne mogu naći.",Možeš,BS,BS
8,"Možeš li poslati Adresse opet, ne mogu naći.",li,BS,BS
8,"Možeš li poslati Adresse opet, ne mogu naći.",poslati,BS,BS
8,"Možeš li poslati Adresse opet, ne mogu naći.",Adresse,DE,DE
8,"Možeš li poslati Adresse opet, ne mogu naći.",opet,BS,BS
8,"Možeš li poslati Adresse opet, ne mogu naći.",ne,BS,BS
8,"Možeš li poslati Adresse opet, ne mogu naći.",mogu,BS,BS
8,"Možeš li poslati Adresse opet, ne mogu naći.",naći,BS,BS
9,"Danas sam totalno müde, nisam spavao dobro.",Danas,BS,BS
9,"Danas sam totalno müde, nisam spavao dobro.",sam,BS,BS
9,"Danas sam totalno müde, nisam spavao dobro.",totalno,BS,BS
9,"Danas sam totalno müde, nisam spavao dobro.",müde,DE,DE
9,"Danas sam totalno müde, nisam spavao dobro.",nisam,BS,BS
9,"Danas sam totalno müde, nisam spavao dobro.",spavao,BS,BS
9,"Danas sam totalno müde, nisam spavao dobro.",dobro,BS,BS
10,"[NAME] je poslao Nachricht, kaže da kasni.",[NAME],O,O
10,"[NAME] je poslao Nachricht, kaže da kasni.",je,BS,BS
10,"[NAME] je poslao Nachricht, kaže da kasni.",poslao,BS,BS
10,"[NAME] je poslao Nachricht, kaže da kasni.",Nachricht,DE,DE
10,"[NAME] je poslao Nachricht, kaže da kasni.",kaže,BS,BS
10,"[NAME] je poslao Nachricht, kaže da kasni.",da,BS,BS
10,"[NAME] je poslao Nachricht, kaže da kasni.",kasni,BS,BS
11,Moram brzo einkaufen prije nego zatvore.,Moram,BS,BS
11,Moram brzo einkaufen prije nego zatvore.,brzo,BS,BS
11,Moram brzo einkaufen prije nego zatvore.,einkaufen,DE,DE
11,Moram brzo einkaufen prije nego zatvore.,prije,BS,BS
11,Moram brzo einkaufen prije nego zatvore.,nego,BS,BS
11,Moram brzo einkaufen prije nego zatvore.,zatvore,BS,BS
12,Jesi li platio Rechnung za struju?,Jesi,BS,BS
12,Jesi li platio Rechnung za struju?,li,BS,BS
12,Jesi li platio Rechnung za struju?,platio,BS,BS
12,Jesi li platio Rechnung za struju?,Rechnung,DE,DE
12,Jesi li platio Rechnung za struju?,za,BS,BS
12,Jesi li platio Rechnung za struju?,struju,BS,BS
13,[NAME] kaže da dolazi sutra aus Deutschland.,[NAME],O,O
13,[NAME] kaže da dolazi sutra aus Deutschland.,kaže,BS,BS
13,[NAME] kaže da dolazi sutra aus Deutschland.,da,BS,BS
13,[NAME] kaže da dolazi sutra aus Deutschland.,dolazi,BS,BS
13,[NAME] kaže da dolazi sutra aus Deutschland.,sutra,BS,BS
13,[NAME] kaže da dolazi sutra aus Deutschland.,aus,DE,DE
13,[NAME] kaže da dolazi sutra aus Deutschland.,Deutschland,DE,DE
14,Moram završiti ovaj Bericht danas.,Moram,BS,BS
14,Moram završiti ovaj Bericht danas.,završiti,BS,BS
14,Moram završiti ovaj Bericht danas.,ovaj,BS,BS
14,Moram završiti ovaj Bericht danas.,Bericht,DE,DE
14,Moram završiti ovaj Bericht danas.,danas,BS,BS
15,"Ich komme später, Verkehr je katastrofa.",Ich,DE,DE
15,"Ich komme später, Verkehr je katastrofa.",komme,DE,DE
15,"Ich komme später, Verkehr je katastrofa.",später,DE,DE
15,"Ich komme später, Verkehr je katastrofa.",Verkehr,DE,DE
15,"Ich komme später, Verkehr je katastrofa.",je,BS,BS
15,"Ich komme später, Verkehr je katastrofa.",katastrofa,BS,BS
16,Jel možeš poslati Telefonnummer od [NAME]?,Jel,BS,BS
16,Jel možeš poslati Telefonnummer od [NAME]?,možeš,BS,BS
16,Jel možeš poslati Telefonnummer od [NAME]?,poslati,BS,BS
16,Jel možeš poslati Telefonnummer od [NAME]?,Telefonnummer,DE,DE
16,Jel možeš poslati Telefonnummer od [NAME]?,od,BS,BS
16,Jel možeš poslati Telefonnummer od [NAME]?,[NAME],O,O
17,Danas sam radio Überstunden.,Danas,BS,BS
17,Danas sam radio Überstunden.,sam,BS,BS
17,Danas sam radio Überstunden.,radio,BS,BS
17,Danas sam radio Überstunden.,Überstunden,DE,DE
18,Moram još Email schreiben.,Moram,BS,BS
18,Moram još Email schreiben.,još,BS,BS
18,Moram još Email schreiben.,Email,O,O
18,Moram još Email schreiben.,schreiben,DE,DE
19,[NAME] je rekao da će donijeti stvari.,[NAME],O,O
19,[NAME] je rekao da će donijeti stvari.,je,BS,BS
19,[NAME] je rekao da će donijeti stvari.,rekao,BS,BS
19,[NAME] je rekao da će donijeti stvari.,da,BS,BS
19,[NAME] je rekao da će donijeti stvari.,će,BS,BS
19,[NAME] je rekao da će donijeti stvari.,donijeti,BS,BS
19,[NAME] je rekao da će donijeti stvari.,stvari,BS,BS
20,"Ich gehe sada schlafen, baš sam umoran.",Ich,DE,DE
20,"Ich gehe sada schlafen, baš sam umoran.",gehe,DE,DE
20,"Ich gehe sada schlafen, baš sam umoran.",sada,BS,BS
20,"Ich gehe sada schlafen, baš sam umoran.",schlafen,DE,DE
20,"Ich gehe sada schlafen, baš sam umoran.",baš,BS,BS
20,"Ich gehe sada schlafen, baš sam umoran.",sam,BS,BS
20,"Ich gehe sada schlafen, baš sam umoran.",umoran,BS,BS
21,Jesi li vidjela moj Laptop?,Jesi,BS,BS
21,Jesi li vidjela moj Laptop?,li,BS,BS
21,Jesi li vidjela moj Laptop?,vidjela,BS,BS
21,Jesi li vidjela moj Laptop?,moj,BS,BS
21,Jesi li vidjela moj Laptop?,Laptop,O,O
22,"Moram nešto essen, nisam cijeli dan.",Moram,BS,BS
22,"Moram nešto essen, nisam cijeli dan.",nešto,BS,BS
22,"Moram nešto essen, nisam cijeli dan.",essen,DE,DE
22,"Moram nešto essen, nisam cijeli dan.",nisam,BS,BS
22,"Moram nešto essen, nisam cijeli dan.",cijeli,BS,BS
22,"Moram nešto essen, nisam cijeli dan.",dan,BS,BS
23,Danas je bio baš stressig Tag.,Danas,BS,BS
23,Danas je bio baš stressig Tag.,je,BS,BS
23,Danas je bio baš stressig Tag.,bio,BS,BS
23,Danas je bio baš stressig Tag.,baš,BS,BS
23,Danas je bio baš stressig Tag.,stressig,DE,DE
23,Danas je bio baš stressig Tag.,Tag,DE,DE
24,[NAME] je rekao da je stigao kući.,[NAME],O,O
24,[NAME] je rekao da je stigao kući.,je,BS,BS
24,[NAME] je rekao da je stigao kući.,rekao,BS,BS
24,[NAME] je rekao da je stigao kući.,da,BS,BS
24,[NAME] je rekao da je stigao kući.,je,BS,BS
24,[NAME] je rekao da je stigao kući.,stigao,BS,BS
24,[NAME] je rekao da je stigao kući.,kući,BS,BS
25,Možeš li poslati Lokaciju opet?,Možeš,BS,BS
25,Možeš li poslati Lokaciju opet?,li,BS,BS
25,Možeš li poslati Lokaciju opet?,poslati,BS,BS
25,Možeš li poslati Lokaciju opet?,Lokaciju,BS,BS
25,Možeš li poslati Lokaciju opet?,opet,BS,BS
26,"Moram brzo gehen, kasnim.",Moram,BS,BS
26,"Moram brzo gehen, kasnim.",brzo,BS,BS
26,"Moram brzo gehen, kasnim.",gehen,DE,DE
26,"Moram brzo gehen, kasnim.",kasnim,BS,BS
27,"Ich komme odmah, samo da završim.",Ich,DE,DE
27,"Ich komme odmah, samo da završim.",komme,DE,DE
27,"Ich komme odmah, samo da završim.",odmah,BS,BS
27,"Ich komme odmah, samo da završim.",samo,BS,BS
27,"Ich komme odmah, samo da završim.",da,BS,BS
27,"Ich komme odmah, samo da završim.",završim,BS,BS
28,Jesi li pričala sa [NAME]?,Jesi,BS,BS
28,Jesi li pričala sa [NAME]?,li,BS,BS
28,Jesi li pričala sa [NAME]?,pričala,BS,BS
28,Jesi li pričala sa [NAME]?,sa,BS,BS
28,Jesi li pričala sa [NAME]?,[NAME],O,O
29,Danas imam Meeting cijeli dan.,Danas,BS,BS
29,Danas imam Meeting cijeli dan.,imam,BS,BS
29,Danas imam Meeting cijeli dan.,Meeting,O,O
29,Danas imam Meeting cijeli dan.,cijeli,BS,BS
29,Danas imam Meeting cijeli dan.,dan,BS,BS
30,Moram još telefonieren.,Moram,BS,BS
30,Moram još telefonieren.,još,BS,BS
30,Moram još telefonieren.,telefonieren,DE,DE
31,[NAME] kaže da je sve riješeno.,[NAME],O,O
31,[NAME] kaže da je sve riješeno.,kaže,BS,BS
31,[NAME] kaže da je sve riješeno.,da,BS,BS
31,[NAME] kaže da je sve riješeno.,je,BS,BS
31,[NAME] kaže da je sve riješeno.,sve,BS,BS
31,[NAME] kaže da je sve riješeno.,riješeno,BS,BS
32,Moram još malo arbeiten.,Moram,BS,BS
32,Moram još malo arbeiten.,još,BS,BS
32,Moram još malo arbeiten.,malo,BS,BS
32,Moram još malo arbeiten.,arbeiten,DE,DE
33,Danas imam viel Arbeit.,Danas,BS,BS
33,Danas imam viel Arbeit.,imam,BS,BS
33,Danas imam viel Arbeit.,viel,DE,DE
33,Danas imam viel Arbeit.,Arbeit,DE,DE
34,Moram brzo fertig sein.,Moram,BS,BS
34,Moram brzo fertig sein.,brzo,BS,BS
34,Moram brzo fertig sein.,fertig,DE,DE
34,Moram brzo fertig sein.,sein,DE,DE
35,Danas imam Termin kod [PLACE].,Danas,BS,BS
35,Danas imam Termin kod [PLACE].,imam,BS,BS
35,Danas imam Termin kod [PLACE].,Termin,DE,DE
35,Danas imam Termin kod [PLACE].,kod,BS,BS
35,Danas imam Termin kod [PLACE].,[PLACE],O,O
36,Danas sam bio u Büro.,Danas,BS,BS
36,Danas sam bio u Büro.,sam,BS,BS
36,Danas sam bio u Büro.,bio,BS,BS
36,Danas sam bio u Büro.,u,BS,BS
36,Danas sam bio u Büro.,Büro,DE,DE
37,Moram još telefonirati.,Moram,BS,BS
37,Moram još telefonirati.,još,BS,BS
37,Moram još telefonirati.,telefonirati,DE,DE
38,Ich komme za 5 minuta.,Ich,DE,DE
38,Ich komme za 5 minuta.,komme,DE,DE
38,Ich komme za 5 minuta.,za,BS,BS
38,Ich komme za 5 minuta.,5,O,O
38,Ich komme za 5 minuta.,minuta,BS,BS
39,Jesi li pričala sa [NAME] wegen Termin sutra?,Jesi,BS,BS
39,Jesi li pričala sa [NAME] wegen Termin sutra?,li,BS,BS
39,Jesi li pričala sa [NAME] wegen Termin sutra?,pričala,BS,BS
39,Jesi li pričala sa [NAME] wegen Termin sutra?,sa,BS,BS
39,Jesi li pričala sa [NAME] wegen Termin sutra?,[NAME],O,O
39,Jesi li pričala sa [NAME] wegen Termin sutra?,wegen,DE,DE
39,Jesi li pričala sa [NAME] wegen Termin sutra?,Termin,DE,DE
39,Jesi li pričala sa [NAME] wegen Termin sutra?,sutra,BS,BS
40,Danas idem u Arbeit malo kasnije.,Danas,BS,BS
40,Danas idem u Arbeit malo kasnije.,idem,BS,BS
40,Danas idem u Arbeit malo kasnije.,u,BS,BS
40,Danas idem u Arbeit malo kasnije.,Arbeit,DE,DE
40,Danas idem u Arbeit malo kasnije.,malo,BS,BS
40,Danas idem u Arbeit malo kasnije.,kasnije,BS,BS
41,"Možeš li nazvati [NAME], ja sam sada beschäftigt.",Možeš,BS,BS
41,"Možeš li nazvati [NAME], ja sam sada beschäftigt.",li,BS,BS
41,"Možeš li nazvati [NAME], ja sam sada beschäftigt.",nazvati,BS,BS
41,"Možeš li nazvati [NAME], ja sam sada beschäftigt.",[NAME],O,O
41,"Možeš li nazvati [NAME], ja sam sada beschäftigt.",ja,BS,BS
41,"Možeš li nazvati [NAME], ja sam sada beschäftigt.",sam,BS,BS
41,"Možeš li nazvati [NAME], ja sam sada beschäftigt.",sada,BS,BS
41,"Možeš li nazvati [NAME], ja sam sada beschäftigt.",beschäftigt,DE,DE
42,Ich komme kući oko 19h.,Ich,DE,DE
42,Ich komme kući oko 19h.,komme,DE,DE
42,Ich komme kući oko 19h.,kući,BS,BS
42,Ich komme kući oko 19h.,oko,BS,BS
42,Ich komme kući oko 19h.,19h,O,O
43,Moram još završiti ovaj Bericht prije nego krenem.,Moram,BS,BS
43,Moram još završiti ovaj Bericht prije nego krenem.,još,BS,BS
43,Moram još završiti ovaj Bericht prije nego krenem.,završiti,BS,BS
43,Moram još završiti ovaj Bericht prije nego krenem.,ovaj,BS,BS
43,Moram još završiti ovaj Bericht prije nego krenem.,Bericht,DE,DE
43,Moram još završiti ovaj Bericht prije nego krenem.,prije,BS,BS
43,Moram još završiti ovaj Bericht prije nego krenem.,nego,BS,BS
43,Moram još završiti ovaj Bericht prije nego krenem.,krenem,BS,BS
44,Jesi li vidio gdje je Rechnung od struje?,Jesi,BS,BS
44,Jesi li vidio gdje je Rechnung od struje?,li,BS,BS
44,Jesi li vidio gdje je Rechnung od struje?,vidio,BS,BS
44,Jesi li vidio gdje je Rechnung od struje?,gdje,BS,BS
44,Jesi li vidio gdje je Rechnung od struje?,je,BS,BS
44,Jesi li vidio gdje je Rechnung od struje?,Rechnung,DE,DE
44,Jesi li vidio gdje je Rechnung od struje?,od,BS,BS
44,Jesi li vidio gdje je Rechnung od struje?,struje,BS,BS
45,"Danas sam bio kod Arzt, rekao je da odmorim.",Danas,BS,BS
45,"Danas sam bio kod Arzt, rekao je da odmorim.",sam,BS,BS
45,"Danas sam bio kod Arzt, rekao je da odmorim.",bio,BS,BS
45,"Danas sam bio kod Arzt, rekao je da odmorim.",kod,BS,BS
45,"Danas sam bio kod Arzt, rekao je da odmorim.",Arzt,DE,DE
45,"Danas sam bio kod Arzt, rekao je da odmorim.",rekao,BS,BS
45,"Danas sam bio kod Arzt, rekao je da odmorim.",je,BS,BS
45,"Danas sam bio kod Arzt, rekao je da odmorim.",da,BS,BS
45,"Danas sam bio kod Arzt, rekao je da odmorim.",odmorim,BS,BS
46,Moram još nešto einkaufen.,Moram,BS,BS
46,Moram još nešto einkaufen.,još,BS,BS
46,Moram još nešto einkaufen.,nešto,BS,BS
46,Moram još nešto einkaufen.,einkaufen,DE,DE
47,Moram još malo lernen.,Moram,BS,BS
47,Moram još malo lernen.,još,BS,BS
47,Moram još malo lernen.,malo,BS,BS
47,Moram još malo lernen.,lernen,DE,DE
48,Jesi li provjerila sve dokumente?,Jesi,BS,BS
48,Jesi li provjerila sve dokumente?,li,BS,BS
48,Jesi li provjerila sve dokumente?,provjerila,BS,BS
48,Jesi li provjerila sve dokumente?,sve,BS,BS
48,Jesi li provjerila sve dokumente?,dokumente,DE,DE
49,Moram još telefonirati sa [NAME].,Moram,BS,BS
49,Moram još telefonirati sa [NAME].,još,BS,BS
49,Moram još telefonirati sa [NAME].,telefonirati,DE,DE
49,Moram još telefonirati sa [NAME].,sa,BS,BS
49,Moram još telefonirati sa [NAME].,[NAME],O,O
50,Ich komme kasnije zbog Verkehr.,Ich,DE,DE
50,Ich komme kasnije zbog Verkehr.,komme,DE,DE
50,Ich komme kasnije zbog Verkehr.,kasnije,BS,BS
50,Ich komme kasnije zbog Verkehr.,zbog,BS,BS
50,Ich komme kasnije zbog Verkehr.,Verkehr,DE,DE
51,"Ne znam jel si vidio mail od Jobcentera, traže još papira.",Ne,BS,BS
51,"Ne znam jel si vidio mail od Jobcentera, traže još papira.",znam,BS,BS
51,"Ne znam jel si vidio mail od Jobcentera, traže još papira.",jel,BS,BS
51,"Ne znam jel si vidio mail od Jobcentera, traže još papira.",si,BS,BS
51,"Ne znam jel si vidio mail od Jobcentera, traže još papira.",vidio,BS,BS
51,"Ne znam jel si vidio mail od Jobcentera, traže još papira.",mail,O,O
51,"Ne znam jel si vidio mail od Jobcentera, traže još papira.",od,BS,BS
51,"Ne znam jel si vidio mail od Jobcentera, traže još papira.",Jobcentera,DE,DE
51,"Ne znam jel si vidio mail od Jobcentera, traže još papira.",traže,BS,BS
51,"Ne znam jel si vidio mail od Jobcentera, traže još papira.",još,BS,BS
51,"Ne znam jel si vidio mail od Jobcentera, traže još papira.",papira,BS,BS
52,"Morat ćeš ići u Rathaus da to riješiš, drugačije neće ići.",Morat,BS,BS
52,"Morat ćeš ići u Rathaus da to riješiš, drugačije neće ići.",ćeš,BS,BS
52,"Morat ćeš ići u Rathaus da to riješiš, drugačije neće ići.",ići,BS,BS
52,"Morat ćeš ići u Rathaus da to riješiš, drugačije neće ići.",u,BS,BS
52,"Morat ćeš ići u Rathaus da to riješiš, drugačije neće ići.",Rathaus,DE,DE
52,"Morat ćeš ići u Rathaus da to riješiš, drugačije neće ići.",da,BS,BS
52,"Morat ćeš ići u Rathaus da to riješiš, drugačije neće ići.",to,BS,BS
52,"Morat ćeš ići u Rathaus da to riješiš, drugačije neće ići.",riješiš,BS,BS
52,"Morat ćeš ići u Rathaus da to riješiš, drugačije neće ići.",drugačije,BS,BS
52,"Morat ćeš ići u Rathaus da to riješiš, drugačije neće ići.",neće,BS,BS
52,"Morat ćeš ići u Rathaus da to riješiš, drugačije neće ići.",ići,BS,BS
53,Mislim da ti bez Anmeldunga neće ništa završiti.,Mislim,BS,BS
53,Mislim da ti bez Anmeldunga neće ništa završiti.,da,BS,BS
53,Mislim da ti bez Anmeldunga neće ništa završiti.,ti,BS,BS
53,Mislim da ti bez Anmeldunga neće ništa završiti.,bez,BS,BS
53,Mislim da ti bez Anmeldunga neće ništa završiti.,Anmeldunga,DE,DE
53,Mislim da ti bez Anmeldunga neće ništa završiti.,neće,BS,BS
53,Mislim da ti bez Anmeldunga neće ništa završiti.,ništa,BS,BS
53,Mislim da ti bez Anmeldunga neće ništa završiti.,završiti,BS,BS
54,"Ne znam koliko će trajati taj Termin u Ausländerbehörde, znaš kakvi su.",Ne,BS,BS
54,"Ne znam koliko će trajati taj Termin u Ausländerbehörde, znaš kakvi su.",znam,BS,BS
54,"Ne znam koliko će trajati taj Termin u Ausländerbehörde, znaš kakvi su.",koliko,BS,BS
54,"Ne znam koliko će trajati taj Termin u Ausländerbehörde, znaš kakvi su.",će,BS,BS
54,"Ne znam koliko će trajati taj Termin u Ausländerbehörde, znaš kakvi su.",trajati,BS,BS
54,"Ne znam koliko će trajati taj Termin u Ausländerbehörde, znaš kakvi su.",taj,BS,BS
54,"Ne znam koliko će trajati taj Termin u Ausländerbehörde, znaš kakvi su.",Termin,DE,DE
54,"Ne znam koliko će trajati taj Termin u Ausländerbehörde, znaš kakvi su.",u,BS,BS
54,"Ne znam koliko će trajati taj Termin u Ausländerbehörde, znaš kakvi su.",Ausländerbehörde,DE,DE
54,"Ne znam koliko će trajati taj Termin u Ausländerbehörde, znaš kakvi su.",znaš,BS,BS
54,"Ne znam koliko će trajati taj Termin u Ausländerbehörde, znaš kakvi su.",kakvi,BS,BS
54,"Ne znam koliko će trajati taj Termin u Ausländerbehörde, znaš kakvi su.",su,BS,BS
55,Moraš prvo dobiti Bescheinigung prije nego išta dalje radiš.,Moraš,BS,BS
55,Moraš prvo dobiti Bescheinigung prije nego išta dalje radiš.,prvo,BS,BS
55,Moraš prvo dobiti Bescheinigung prije nego išta dalje radiš.,dobiti,BS,BS
55,Moraš prvo dobiti Bescheinigung prije nego išta dalje radiš.,Bescheinigung,DE,DE
55,Moraš prvo dobiti Bescheinigung prije nego išta dalje radiš.,prije,BS,BS
55,Moraš prvo dobiti Bescheinigung prije nego išta dalje radiš.,nego,BS,BS
55,Moraš prvo dobiti Bescheinigung prije nego išta dalje radiš.,išta,BS,BS
55,Moraš prvo dobiti Bescheinigung prije nego išta dalje radiš.,dalje,BS,BS
55,Moraš prvo dobiti Bescheinigung prije nego išta dalje radiš.,radiš,BS,BS
56,"Ako nemaš ugovor o radu, teško da će ti odobriti Aufenthalt.",Ako,BS,BS
56,"Ako nemaš ugovor o radu, teško da će ti odobriti Aufenthalt.",nemaš,BS,BS
56,"Ako nemaš ugovor o radu, teško da će ti odobriti Aufenthalt.",ugovor,BS,BS
56,"Ako nemaš ugovor o radu, teško da će ti odobriti Aufenthalt.",o,BS,BS
56,"Ako nemaš ugovor o radu, teško da će ti odobriti Aufenthalt.",radu,BS,BS
56,"Ako nemaš ugovor o radu, teško da će ti odobriti Aufenthalt.",teško,BS,BS
56,"Ako nemaš ugovor o radu, teško da će ti odobriti Aufenthalt.",da,BS,BS
56,"Ako nemaš ugovor o radu, teško da će ti odobriti Aufenthalt.",će,BS,BS
56,"Ako nemaš ugovor o radu, teško da će ti odobriti Aufenthalt.",ti,BS,BS
56,"Ako nemaš ugovor o radu, teško da će ti odobriti Aufenthalt.",odobriti,BS,BS
56,"Ako nemaš ugovor o radu, teško da će ti odobriti Aufenthalt.",Aufenthalt,DE,DE
57,"Probaj nazvati Bürgeramt, možda ti oni mogu objasniti.",Probaj,BS,BS
57,"Probaj nazvati Bürgeramt, možda ti oni mogu objasniti.",nazvati,BS,BS
57,"Probaj nazvati Bürgeramt, možda ti oni mogu objasniti.",Bürgeramt,DE,DE
57,"Probaj nazvati Bürgeramt, možda ti oni mogu objasniti.",možda,BS,BS
57,"Probaj nazvati Bürgeramt, možda ti oni mogu objasniti.",ti,BS,BS
57,"Probaj nazvati Bürgeramt, možda ti oni mogu objasniti.",oni,BS,BS
57,"Probaj nazvati Bürgeramt, možda ti oni mogu objasniti.",mogu,BS,BS
57,"Probaj nazvati Bürgeramt, možda ti oni mogu objasniti.",objasniti,BS,BS
58,Ne znam jel ti treba još neki Dokument za vizu.,Ne,BS,BS
58,Ne znam jel ti treba još neki Dokument za vizu.,znam,BS,BS
58,Ne znam jel ti treba još neki Dokument za vizu.,jel,BS,BS
58,Ne znam jel ti treba još neki Dokument za vizu.,ti,BS,BS
58,Ne znam jel ti treba još neki Dokument za vizu.,treba,BS,BS
58,Ne znam jel ti treba još neki Dokument za vizu.,još,BS,BS
58,Ne znam jel ti treba još neki Dokument za vizu.,neki,BS,BS
58,Ne znam jel ti treba još neki Dokument za vizu.,Dokument,DE,DE
58,Ne znam jel ti treba još neki Dokument za vizu.,za,BS,BS
58,Ne znam jel ti treba još neki Dokument za vizu.,vizu,BS,BS
59,Kažu da bez Termin bukinga nema šanse da uđeš.,Kažu,BS,BS
59,Kažu da bez Termin bukinga nema šanse da uđeš.,da,BS,BS
59,Kažu da bez Termin bukinga nema šanse da uđeš.,bez,BS,BS
59,Kažu da bez Termin bukinga nema šanse da uđeš.,Termin,DE,DE
59,Kažu da bez Termin bukinga nema šanse da uđeš.,bukinga,O,O
59,Kažu da bez Termin bukinga nema šanse da uđeš.,nema,BS,BS
59,Kažu da bez Termin bukinga nema šanse da uđeš.,šanse,BS,BS
59,Kažu da bez Termin bukinga nema šanse da uđeš.,da,BS,BS
59,Kažu da bez Termin bukinga nema šanse da uđeš.,uđeš,BS,BS
60,Moraš čekati da ti pošalju potvrdu za Anmeldung.,Moraš,BS,BS
60,Moraš čekati da ti pošalju potvrdu za Anmeldung.,čekati,BS,BS
60,Moraš čekati da ti pošalju potvrdu za Anmeldung.,da,BS,BS
60,Moraš čekati da ti pošalju potvrdu za Anmeldung.,ti,BS,BS
60,Moraš čekati da ti pošalju potvrdu za Anmeldung.,pošalju,BS,BS
60,Moraš čekati da ti pošalju potvrdu za Anmeldung.,potvrdu,BS,BS
60,Moraš čekati da ti pošalju potvrdu za Anmeldung.,za,BS,BS
60,Moraš čekati da ti pošalju potvrdu za Anmeldung.,Anmeldung,DE,DE
61,"Ako si predao Antrag, onda samo čekaj odgovor.",Ako,BS,BS
61,"Ako si predao Antrag, onda samo čekaj odgovor.",si,BS,BS
61,"Ako si predao Antrag, onda samo čekaj odgovor.",predao,BS,BS
61,"Ako si predao Antrag, onda samo čekaj odgovor.",Antrag,DE,DE
61,"Ako si predao Antrag, onda samo čekaj odgovor.",onda,BS,BS
61,"Ako si predao Antrag, onda samo čekaj odgovor.",samo,BS,BS
61,"Ako si predao Antrag, onda samo čekaj odgovor.",čekaj,BS,BS
61,"Ako si predao Antrag, onda samo čekaj odgovor.",odgovor,BS,BS
62,Neće ti priznati diplomu bez Anerkennunga.,Neće,BS,BS
62,Neće ti priznati diplomu bez Anerkennunga.,ti,BS,BS
62,Neće ti priznati diplomu bez Anerkennunga.,priznati,BS,BS
62,Neće ti priznati diplomu bez Anerkennunga.,diplomu,BS,BS
62,Neće ti priznati diplomu bez Anerkennunga.,bez,BS,BS
62,Neće ti priznati diplomu bez Anerkennunga.,Anerkennunga,DE,DE
63,Pitaj na poslu jel mogu pomoći oko papirologije.,Pitaj,BS,BS
63,Pitaj na poslu jel mogu pomoći oko papirologije.,na,BS,BS
63,Pitaj na poslu jel mogu pomoći oko papirologije.,poslu,BS,BS
63,Pitaj na poslu jel mogu pomoći oko papirologije.,jel,BS,BS
63,Pitaj na poslu jel mogu pomoći oko papirologije.,mogu,BS,BS
63,Pitaj na poslu jel mogu pomoći oko papirologije.,pomoći,BS,BS
63,Pitaj na poslu jel mogu pomoći oko papirologije.,oko,BS,BS
63,Pitaj na poslu jel mogu pomoći oko papirologije.,papirologije,DE,DE
64,Mislim da ćeš morati produžiti Aufenthalt.,Mislim,BS,BS
64,Mislim da ćeš morati produžiti Aufenthalt.,da,BS,BS
64,Mislim da ćeš morati produžiti Aufenthalt.,ćeš,BS,BS
64,Mislim da ćeš morati produžiti Aufenthalt.,morati,BS,BS
64,Mislim da ćeš morati produžiti Aufenthalt.,produžiti,BS,BS
64,Mislim da ćeš morati produžiti Aufenthalt.,Aufenthalt,DE,DE
65,"Bez osiguranja ti neće ništa završiti, to je sigurno.",Bez,BS,BS
65,"Bez osiguranja ti neće ništa završiti, to je sigurno.",osiguranja,BS,BS
65,"Bez osiguranja ti neće ništa završiti, to je sigurno.",ti,BS,BS
65,"Bez osiguranja ti neće ništa završiti, to je sigurno.",neće,BS,BS
65,"Bez osiguranja ti neće ništa završiti, to je sigurno.",ništa,BS,BS
65,"Bez osiguranja ti neće ništa završiti, to je sigurno.",završiti,BS,BS
65,"Bez osiguranja ti neće ništa završiti, to je sigurno.",to,BS,BS
65,"Bez osiguranja ti neće ništa završiti, to je sigurno.",je,BS,BS
65,"Bez osiguranja ti neće ništa završiti, to je sigurno.",sigurno,BS,BS
66,Ne znam jel si dobio Steuer ID već.,Ne,BS,BS
66,Ne znam jel si dobio Steuer ID već.,znam,BS,BS
66,Ne znam jel si dobio Steuer ID već.,jel,BS,BS
66,Ne znam jel si dobio Steuer ID već.,si,BS,BS
66,Ne znam jel si dobio Steuer ID već.,dobio,BS,BS
66,Ne znam jel si dobio Steuer ID već.,Steuer,DE,DE
66,Ne znam jel si dobio Steuer ID već.,ID,O,O
66,Ne znam jel si dobio Steuer ID već.,već,BS,BS
67,Kažu da se čeka dugo za Termin u Berlinu.,Kažu,BS,BS
67,Kažu da se čeka dugo za Termin u Berlinu.,da,BS,BS
67,Kažu da se čeka dugo za Termin u Berlinu.,se,BS,BS
67,Kažu da se čeka dugo za Termin u Berlinu.,čeka,BS,BS
67,Kažu da se čeka dugo za Termin u Berlinu.,dugo,BS,BS
67,Kažu da se čeka dugo za Termin u Berlinu.,za,BS,BS
67,Kažu da se čeka dugo za Termin u Berlinu.,Termin,DE,DE
67,Kažu da se čeka dugo za Termin u Berlinu.,u,BS,BS
67,Kažu da se čeka dugo za Termin u Berlinu.,Berlinu,O,O
68,Moraš prijaviti adresu čim dođeš.,Moraš,BS,BS
68,Moraš prijaviti adresu čim dođeš.,prijaviti,BS,BS
68,Moraš prijaviti adresu čim dođeš.,adresu,DE,DE
68,Moraš prijaviti adresu čim dođeš.,čim,BS,BS
68,Moraš prijaviti adresu čim dođeš.,dođeš,BS,BS
69,"Ako nemaš ugovor za stan, problem je za Anmeldung.",Ako,BS,BS
69,"Ako nemaš ugovor za stan, problem je za Anmeldung.",nemaš,BS,BS
69,"Ako nemaš ugovor za stan, problem je za Anmeldung.",ugovor,BS,BS
69,"Ako nemaš ugovor za stan, problem je za Anmeldung.",za,BS,BS
69,"Ako nemaš ugovor za stan, problem je za Anmeldung.",stan,BS,BS
69,"Ako nemaš ugovor za stan, problem je za Anmeldung.",problem,DE,BS
69,"Ako nemaš ugovor za stan, problem je za Anmeldung.",je,BS,BS
69,"Ako nemaš ugovor za stan, problem je za Anmeldung.",za,BS,BS
69,"Ako nemaš ugovor za stan, problem je za Anmeldung.",Anmeldung,DE,DE
70,Ne znam koliko brzo odgovaraju na Email.,Ne,BS,BS
70,Ne znam koliko brzo odgovaraju na Email.,znam,BS,BS
70,Ne znam koliko brzo odgovaraju na Email.,koliko,BS,BS
70,Ne znam koliko brzo odgovaraju na Email.,brzo,BS,BS
70,Ne znam koliko brzo odgovaraju na Email.,odgovaraju,BS,BS
70,Ne znam koliko brzo odgovaraju na Email.,na,BS,BS
70,Ne znam koliko brzo odgovaraju na Email.,Email,O,O
71,"Ako dođeš später, nemoj me čekati.",Ako,BS,BS
71,"Ako dođeš später, nemoj me čekati.",dođeš,BS,BS
71,"Ako dođeš später, nemoj me čekati.",später,DE,DE
71,"Ako dođeš später, nemoj me čekati.",nemoj,BS,BS
71,"Ako dođeš später, nemoj me čekati.",me,BS,BS
71,"Ako dođeš später, nemoj me čekati.",čekati,BS,BS
72,Jesi li gesehen šta je napisao?,Jesi,BS,BS
72,Jesi li gesehen šta je napisao?,li,BS,BS
72,Jesi li gesehen šta je napisao?,gesehen,DE,DE
72,Jesi li gesehen šta je napisao?,šta,BS,BS
72,Jesi li gesehen šta je napisao?,je,BS,BS
72,Jesi li gesehen šta je napisao?,napisao,BS,BS
73,"Moram morgen früh ustati, nemoj me buditi kasno.",Moram,BS,BS
73,"Moram morgen früh ustati, nemoj me buditi kasno.",morgen,DE,DE
73,"Moram morgen früh ustati, nemoj me buditi kasno.",früh,DE,DE
73,"Moram morgen früh ustati, nemoj me buditi kasno.",ustati,BS,BS
73,"Moram morgen früh ustati, nemoj me buditi kasno.",nemoj,BS,BS
73,"Moram morgen früh ustati, nemoj me buditi kasno.",me,BS,BS
73,"Moram morgen früh ustati, nemoj me buditi kasno.",buditi,BS,BS
73,"Moram morgen früh ustati, nemoj me buditi kasno.",kasno,BS,BS
74,"Hajde komm brzo, svi te čekaju.",Hajde,BS,BS
74,"Hajde komm brzo, svi te čekaju.",komm,DE,DE
74,"Hajde komm brzo, svi te čekaju.",brzo,BS,BS
74,"Hajde komm brzo, svi te čekaju.",svi,BS,BS
74,"Hajde komm brzo, svi te čekaju.",te,BS,BS
74,"Hajde komm brzo, svi te čekaju.",čekaju,BS,BS
75,"Ako bude Regen, nećemo ići nigdje.",Ako,BS,BS
75,"Ako bude Regen, nećemo ići nigdje.",bude,BS,BS
75,"Ako bude Regen, nećemo ići nigdje.",Regen,DE,DE
75,"Ako bude Regen, nećemo ići nigdje.",nećemo,BS,BS
75,"Ako bude Regen, nećemo ići nigdje.",ići,BS,BS
75,"Ako bude Regen, nećemo ići nigdje.",nigdje,BS,BS
76,Jesi li schon poslao mail?,Jesi,BS,BS
76,Jesi li schon poslao mail?,li,BS,BS
76,Jesi li schon poslao mail?,schon,DE,DE
76,Jesi li schon poslao mail?,poslao,BS,BS
76,Jesi li schon poslao mail?,mail,O,O
77,Ich glaube da to neće proći.,Ich,DE,DE
77,Ich glaube da to neće proći.,glaube,DE,DE
77,Ich glaube da to neće proći.,da,BS,BS
77,Ich glaube da to neće proći.,to,BS,BS
77,Ich glaube da to neće proći.,neće,BS,BS
77,Ich glaube da to neće proći.,proći,BS,BS
78,Nemoj bitte opet kasniti.,Nemoj,BS,BS
78,Nemoj bitte opet kasniti.,bitte,DE,DE
78,Nemoj bitte opet kasniti.,opet,BS,BS
78,Nemoj bitte opet kasniti.,kasniti,BS,BS
79,"Ako želiš kommen, javi ranije.",Ako,BS,BS
79,"Ako želiš kommen, javi ranije.",želiš,BS,BS
79,"Ako želiš kommen, javi ranije.",kommen,DE,DE
79,"Ako želiš kommen, javi ranije.",javi,BS,BS
79,"Ako želiš kommen, javi ranije.",ranije,BS,BS
80,Jesi li kupio Brot ili da ja uzmem?,Jesi,BS,BS
80,Jesi li kupio Brot ili da ja uzmem?,li,BS,BS
80,Jesi li kupio Brot ili da ja uzmem?,kupio,BS,BS
80,Jesi li kupio Brot ili da ja uzmem?,Brot,DE,DE
80,Jesi li kupio Brot ili da ja uzmem?,ili,BS,BS
80,Jesi li kupio Brot ili da ja uzmem?,da,BS,BS
80,Jesi li kupio Brot ili da ja uzmem?,ja,BS,BS
80,Jesi li kupio Brot ili da ja uzmem?,uzmem,BS,BS
81,"Ako dođeš früher, javi.",Ako,BS,BS
81,"Ako dođeš früher, javi.",dođeš,BS,BS
81,"Ako dođeš früher, javi.",früher,DE,DE
81,"Ako dođeš früher, javi.",javi,BS,BS
82,Ich glaube da će biti ok.,Ich,DE,DE
82,Ich glaube da će biti ok.,glaube,DE,DE
82,Ich glaube da će biti ok.,da,BS,BS
82,Ich glaube da će biti ok.,će,BS,BS
82,Ich glaube da će biti ok.,biti,BS,BS
82,Ich glaube da će biti ok.,ok,O,O
83,"Ne razumijem zašto svi misle da je Deutschland neki raj, stvarnost je skroz drugačija.",Ne,BS,BS
83,"Ne razumijem zašto svi misle da je Deutschland neki raj, stvarnost je skroz drugačija.",razumijem,BS,BS
83,"Ne razumijem zašto svi misle da je Deutschland neki raj, stvarnost je skroz drugačija.",zašto,BS,BS
83,"Ne razumijem zašto svi misle da je Deutschland neki raj, stvarnost je skroz drugačija.",svi,BS,BS
83,"Ne razumijem zašto svi misle da je Deutschland neki raj, stvarnost je skroz drugačija.",misle,BS,BS
83,"Ne razumijem zašto svi misle da je Deutschland neki raj, stvarnost je skroz drugačija.",da,BS,BS
83,"Ne razumijem zašto svi misle da je Deutschland neki raj, stvarnost je skroz drugačija.",je,BS,BS
83,"Ne razumijem zašto svi misle da je Deutschland neki raj, stvarnost je skroz drugačija.",Deutschland,DE,DE
83,"Ne razumijem zašto svi misle da je Deutschland neki raj, stvarnost je skroz drugačija.",neki,BS,BS
83,"Ne razumijem zašto svi misle da je Deutschland neki raj, stvarnost je skroz drugačija.",raj,BS,BS
83,"Ne razumijem zašto svi misle da je Deutschland neki raj, stvarnost je skroz drugačija.",stvarnost,BS,BS
83,"Ne razumijem zašto svi misle da je Deutschland neki raj, stvarnost je skroz drugačija.",je,BS,BS
83,"Ne razumijem zašto svi misle da je Deutschland neki raj, stvarnost je skroz drugačija.",skroz,BS,BS
83,"Ne razumijem zašto svi misle da je Deutschland neki raj, stvarnost je skroz drugačija.",drugačija,BS,BS
84,"Ja sam bio tamo 3 godine i mogu reći ehrlich, nije lako kao što izgleda.",Ja,BS,BS
84,"Ja sam bio tamo 3 godine i mogu reći ehrlich, nije lako kao što izgleda.",sam,BS,BS
84,"Ja sam bio tamo 3 godine i mogu reći ehrlich, nije lako kao što izgleda.",bio,BS,BS
84,"Ja sam bio tamo 3 godine i mogu reći ehrlich, nije lako kao što izgleda.",tamo,BS,BS
84,"Ja sam bio tamo 3 godine i mogu reći ehrlich, nije lako kao što izgleda.",3,O,O
84,"Ja sam bio tamo 3 godine i mogu reći ehrlich, nije lako kao što izgleda.",godine,BS,BS
84,"Ja sam bio tamo 3 godine i mogu reći ehrlich, nije lako kao što izgleda.",i,BS,BS
84,"Ja sam bio tamo 3 godine i mogu reći ehrlich, nije lako kao što izgleda.",mogu,BS,BS
84,"Ja sam bio tamo 3 godine i mogu reći ehrlich, nije lako kao što izgleda.",reći,BS,BS
84,"Ja sam bio tamo 3 godine i mogu reći ehrlich, nije lako kao što izgleda.",ehrlich,DE,DE
84,"Ja sam bio tamo 3 godine i mogu reći ehrlich, nije lako kao što izgleda.",nije,BS,BS
84,"Ja sam bio tamo 3 godine i mogu reći ehrlich, nije lako kao što izgleda.",lako,BS,BS
84,"Ja sam bio tamo 3 godine i mogu reći ehrlich, nije lako kao što izgleda.",kao,BS,BS
84,"Ja sam bio tamo 3 godine i mogu reći ehrlich, nije lako kao što izgleda.",što,BS,BS
84,"Ja sam bio tamo 3 godine i mogu reći ehrlich, nije lako kao što izgleda.",izgleda,BS,BS
85,"Ako nemaš dobar posao, sve je stressig i stalno trčiš za terminima.",Ako,BS,BS
85,"Ako nemaš dobar posao, sve je stressig i stalno trčiš za terminima.",nemaš,BS,BS
85,"Ako nemaš dobar posao, sve je stressig i stalno trčiš za terminima.",dobar,BS,BS
85,"Ako nemaš dobar posao, sve je stressig i stalno trčiš za terminima.",posao,BS,BS
85,"Ako nemaš dobar posao, sve je stressig i stalno trčiš za terminima.",sve,BS,BS
85,"Ako nemaš dobar posao, sve je stressig i stalno trčiš za terminima.",je,BS,BS
85,"Ako nemaš dobar posao, sve je stressig i stalno trčiš za terminima.",stressig,DE,DE
85,"Ako nemaš dobar posao, sve je stressig i stalno trčiš za terminima.",i,BS,BS
85,"Ako nemaš dobar posao, sve je stressig i stalno trčiš za terminima.",stalno,BS,BS
85,"Ako nemaš dobar posao, sve je stressig i stalno trčiš za terminima.",trčiš,BS,BS
85,"Ako nemaš dobar posao, sve je stressig i stalno trčiš za terminima.",za,BS,BS
85,"Ako nemaš dobar posao, sve je stressig i stalno trčiš za terminima.",terminima,DE,DE
86,"Ma kakav Ausland, bolje je biti svoj na svome nego stalno kämpfen tamo.",Ma,BS,BS
86,"Ma kakav Ausland, bolje je biti svoj na svome nego stalno kämpfen tamo.",kakav,BS,BS
86,"Ma kakav Ausland, bolje je biti svoj na svome nego stalno kämpfen tamo.",Ausland,DE,DE
86,"Ma kakav Ausland, bolje je biti svoj na svome nego stalno kämpfen tamo.",bolje,BS,BS
86,"Ma kakav Ausland, bolje je biti svoj na svome nego stalno kämpfen tamo.",je,BS,BS
86,"Ma kakav Ausland, bolje je biti svoj na svome nego stalno kämpfen tamo.",biti,BS,BS
86,"Ma kakav Ausland, bolje je biti svoj na svome nego stalno kämpfen tamo.",svoj,BS,BS
86,"Ma kakav Ausland, bolje je biti svoj na svome nego stalno kämpfen tamo.",na,BS,BS
86,"Ma kakav Ausland, bolje je biti svoj na svome nego stalno kämpfen tamo.",svome,BS,BS
86,"Ma kakav Ausland, bolje je biti svoj na svome nego stalno kämpfen tamo.",nego,BS,BS
86,"Ma kakav Ausland, bolje je biti svoj na svome nego stalno kämpfen tamo.",stalno,BS,BS
86,"Ma kakav Ausland, bolje je biti svoj na svome nego stalno kämpfen tamo.",kämpfen,DE,DE
86,"Ma kakav Ausland, bolje je biti svoj na svome nego stalno kämpfen tamo.",tamo,BS,BS
87,"Ne znam za vas, ali meni je BiH ipak Heimat, bez obzira na sve.",Ne,BS,BS
87,"Ne znam za vas, ali meni je BiH ipak Heimat, bez obzira na sve.",znam,BS,BS
87,"Ne znam za vas, ali meni je BiH ipak Heimat, bez obzira na sve.",za,BS,BS
87,"Ne znam za vas, ali meni je BiH ipak Heimat, bez obzira na sve.",vas,BS,BS
87,"Ne znam za vas, ali meni je BiH ipak Heimat, bez obzira na sve.",ali,BS,BS
87,"Ne znam za vas, ali meni je BiH ipak Heimat, bez obzira na sve.",meni,BS,BS
87,"Ne znam za vas, ali meni je BiH ipak Heimat, bez obzira na sve.",je,BS,BS
87,"Ne znam za vas, ali meni je BiH ipak Heimat, bez obzira na sve.",BiH,BS,BS
87,"Ne znam za vas, ali meni je BiH ipak Heimat, bez obzira na sve.",ipak,BS,BS
87,"Ne znam za vas, ali meni je BiH ipak Heimat, bez obzira na sve.",Heimat,DE,DE
87,"Ne znam za vas, ali meni je BiH ipak Heimat, bez obzira na sve.",bez,BS,BS
87,"Ne znam za vas, ali meni je BiH ipak Heimat, bez obzira na sve.",obzira,BS,BS
87,"Ne znam za vas, ali meni je BiH ipak Heimat, bez obzira na sve.",na,BS,BS
87,"Ne znam za vas, ali meni je BiH ipak Heimat, bez obzira na sve.",sve,BS,BS
88,"Svi pričaju o platama, ali niko ne priča koliko je teuer stan.",Svi,BS,BS
88,"Svi pričaju o platama, ali niko ne priča koliko je teuer stan.",pričaju,BS,BS
88,"Svi pričaju o platama, ali niko ne priča koliko je teuer stan.",o,BS,BS
88,"Svi pričaju o platama, ali niko ne priča koliko je teuer stan.",platama,BS,BS
88,"Svi pričaju o platama, ali niko ne priča koliko je teuer stan.",ali,BS,BS
88,"Svi pričaju o platama, ali niko ne priča koliko je teuer stan.",niko,BS,BS
88,"Svi pričaju o platama, ali niko ne priča koliko je teuer stan.",ne,BS,BS
88,"Svi pričaju o platama, ali niko ne priča koliko je teuer stan.",priča,BS,BS
88,"Svi pričaju o platama, ali niko ne priča koliko je teuer stan.",koliko,BS,BS
88,"Svi pričaju o platama, ali niko ne priča koliko je teuer stan.",je,BS,BS
88,"Svi pričaju o platama, ali niko ne priča koliko je teuer stan.",teuer,DE,DE
88,"Svi pričaju o platama, ali niko ne priča koliko je teuer stan.",stan,BS,BS
89,"[NAME], nije baš alles perfekt tamo, vjeruj mi.",[NAME],O,O
89,"[NAME], nije baš alles perfekt tamo, vjeruj mi.",nije,BS,BS
89,"[NAME], nije baš alles perfekt tamo, vjeruj mi.",baš,BS,BS
89,"[NAME], nije baš alles perfekt tamo, vjeruj mi.",alles,DE,DE
89,"[NAME], nije baš alles perfekt tamo, vjeruj mi.",perfekt,DE,DE
89,"[NAME], nije baš alles perfekt tamo, vjeruj mi.",tamo,BS,BS
89,"[NAME], nije baš alles perfekt tamo, vjeruj mi.",vjeruj,BS,BS
89,"[NAME], nije baš alles perfekt tamo, vjeruj mi.",mi,BS,BS
90,"Ja sam pokušao, ali jednostavno nisam mogao izdržati taj tempo života.",Ja,BS,BS
90,"Ja sam pokušao, ali jednostavno nisam mogao izdržati taj tempo života.",sam,BS,BS
90,"Ja sam pokušao, ali jednostavno nisam mogao izdržati taj tempo života.",pokušao,BS,BS
90,"Ja sam pokušao, ali jednostavno nisam mogao izdržati taj tempo života.",ali,BS,BS
90,"Ja sam pokušao, ali jednostavno nisam mogao izdržati taj tempo života.",jednostavno,BS,BS
90,"Ja sam pokušao, ali jednostavno nisam mogao izdržati taj tempo života.",nisam,BS,BS
90,"Ja sam pokušao, ali jednostavno nisam mogao izdržati taj tempo života.",mogao,BS,BS
90,"Ja sam pokušao, ali jednostavno nisam mogao izdržati taj tempo života.",izdržati,BS,BS
90,"Ja sam pokušao, ali jednostavno nisam mogao izdržati taj tempo života.",taj,BS,BS
90,"Ja sam pokušao, ali jednostavno nisam mogao izdržati taj tempo života.",tempo,DE,DE
90,"Ja sam pokušao, ali jednostavno nisam mogao izdržati taj tempo života.",života,BS,BS
91,"Nije problem raditi, problem je sistem.",Nije,BS,BS
91,"Nije problem raditi, problem je sistem.",problem,BS,BS
91,"Nije problem raditi, problem je sistem.",raditi,BS,BS
91,"Nije problem raditi, problem je sistem.",problem,BS,BS
91,"Nije problem raditi, problem je sistem.",je,BS,BS
91,"Nije problem raditi, problem je sistem.",sistem,DE,DE
92,Ljudi ne shvataju koliko je schwer bez porodice.,Ljudi,BS,BS
92,Ljudi ne shvataju koliko je schwer bez porodice.,ne,BS,BS
92,Ljudi ne shvataju koliko je schwer bez porodice.,shvataju,BS,BS
92,Ljudi ne shvataju koliko je schwer bez porodice.,koliko,BS,BS
92,Ljudi ne shvataju koliko je schwer bez porodice.,je,BS,BS
92,Ljudi ne shvataju koliko je schwer bez porodice.,schwer,DE,DE
92,Ljudi ne shvataju koliko je schwer bez porodice.,bez,BS,BS
92,Ljudi ne shvataju koliko je schwer bez porodice.,porodice,BS,BS
93,Ali takav je sistem.,Ali,BS,BS
93,Ali takav je sistem.,takav,BS,BS
93,Ali takav je sistem.,je,BS,BS
93,Ali takav je sistem.,sistem,DE,DE
94,"Ljudi misle odeš i odmah si gospodin, ja ba, träum weiter.",Ljudi,BS,BS
94,"Ljudi misle odeš i odmah si gospodin, ja ba, träum weiter.",misle,BS,BS
94,"Ljudi misle odeš i odmah si gospodin, ja ba, träum weiter.",odeš,BS,BS
94,"Ljudi misle odeš i odmah si gospodin, ja ba, träum weiter.",i,BS,BS
94,"Ljudi misle odeš i odmah si gospodin, ja ba, träum weiter.",odmah,BS,BS
94,"Ljudi misle odeš i odmah si gospodin, ja ba, träum weiter.",si,BS,BS
94,"Ljudi misle odeš i odmah si gospodin, ja ba, träum weiter.",gospodin,BS,BS
94,"Ljudi misle odeš i odmah si gospodin, ja ba, träum weiter.",ja,BS,BS
94,"Ljudi misle odeš i odmah si gospodin, ja ba, träum weiter.",ba,BS,BS
94,"Ljudi misle odeš i odmah si gospodin, ja ba, träum weiter.",träum,DE,DE
94,"Ljudi misle odeš i odmah si gospodin, ja ba, träum weiter.",weiter,DE,DE
95,"Ja kad čujem “Njemačka”, odmah se sjetim stresa.",Ja,BS,BS
95,"Ja kad čujem “Njemačka”, odmah se sjetim stresa.",kad,BS,BS
95,"Ja kad čujem “Njemačka”, odmah se sjetim stresa.",čujem,BS,BS
95,"Ja kad čujem “Njemačka”, odmah se sjetim stresa.",Njemačka,BS,BS
95,"Ja kad čujem “Njemačka”, odmah se sjetim stresa.",odmah,BS,BS
95,"Ja kad čujem “Njemačka”, odmah se sjetim stresa.",se,BS,BS
95,"Ja kad čujem “Njemačka”, odmah se sjetim stresa.",sjetim,BS,BS
95,"Ja kad čujem “Njemačka”, odmah se sjetim stresa.",stresa,DE,DE
96,"Termin ovdje, Termin tamo, ništa brzo.",Termin,DE,DE
96,"Termin ovdje, Termin tamo, ništa brzo.",ovdje,BS,BS
96,"Termin ovdje, Termin tamo, ništa brzo.",Termin,DE,DE
96,"Termin ovdje, Termin tamo, ništa brzo.",tamo,BS,BS
96,"Termin ovdje, Termin tamo, ništa brzo.",ništa,BS,BS
96,"Termin ovdje, Termin tamo, ništa brzo.",brzo,BS,BS
97,Ich sag – bolje istina nego laž.,Ich,DE,DE
97,Ich sag – bolje istina nego laž.,sag,DE,DE
97,Ich sag – bolje istina nego laž.,bolje,BS,BS
97,Ich sag – bolje istina nego laž.,istina,BS,BS
97,Ich sag – bolje istina nego laž.,nego,BS,BS
97,Ich sag – bolje istina nego laž.,laž,BS,BS
98,"Iskreno, ich glaube da ljudi podcjenjuju koliko je mentalno naporno stalno se prilagođavati.",Iskreno,BS,BS
98,"Iskreno, ich glaube da ljudi podcjenjuju koliko je mentalno naporno stalno se prilagođavati.",ich,DE,DE
98,"Iskreno, ich glaube da ljudi podcjenjuju koliko je mentalno naporno stalno se prilagođavati.",glaube,DE,DE
98,"Iskreno, ich glaube da ljudi podcjenjuju koliko je mentalno naporno stalno se prilagođavati.",da,BS,BS
98,"Iskreno, ich glaube da ljudi podcjenjuju koliko je mentalno naporno stalno se prilagođavati.",ljudi,BS,BS
98,"Iskreno, ich glaube da ljudi podcjenjuju koliko je mentalno naporno stalno se prilagođavati.",podcjenjuju,BS,BS
98,"Iskreno, ich glaube da ljudi podcjenjuju koliko je mentalno naporno stalno se prilagođavati.",koliko,BS,BS
98,"Iskreno, ich glaube da ljudi podcjenjuju koliko je mentalno naporno stalno se prilagođavati.",je,BS,BS
98,"Iskreno, ich glaube da ljudi podcjenjuju koliko je mentalno naporno stalno se prilagođavati.",mentalno,BS,BS
98,"Iskreno, ich glaube da ljudi podcjenjuju koliko je mentalno naporno stalno se prilagođavati.",naporno,BS,BS
98,"Iskreno, ich glaube da ljudi podcjenjuju koliko je mentalno naporno stalno se prilagođavati.",stalno,BS,BS
98,"Iskreno, ich glaube da ljudi podcjenjuju koliko je mentalno naporno stalno se prilagođavati.",se,BS,BS
98,"Iskreno, ich glaube da ljudi podcjenjuju koliko je mentalno naporno stalno se prilagođavati.",prilagođavati,BS,BS
99,"Nije problem raditi, nego je problem što stalno imaš osjećaj da nisi potpuno angekommen.",Nije,BS,BS
99,"Nije problem raditi, nego je problem što stalno imaš osjećaj da nisi potpuno angekommen.",problem,BS,BS
99,"Nije problem raditi, nego je problem što stalno imaš osjećaj da nisi potpuno angekommen.",raditi,BS,BS
99,"Nije problem raditi, nego je problem što stalno imaš osjećaj da nisi potpuno angekommen.",nego,BS,BS
99,"Nije problem raditi, nego je problem što stalno imaš osjećaj da nisi potpuno angekommen.",je,BS,BS
99,"Nije problem raditi, nego je problem što stalno imaš osjećaj da nisi potpuno angekommen.",problem,BS,BS
99,"Nije problem raditi, nego je problem što stalno imaš osjećaj da nisi potpuno angekommen.",što,BS,BS
99,"Nije problem raditi, nego je problem što stalno imaš osjećaj da nisi potpuno angekommen.",stalno,BS,BS
99,"Nije problem raditi, nego je problem što stalno imaš osjećaj da nisi potpuno angekommen.",imaš,BS,BS
99,"Nije problem raditi, nego je problem što stalno imaš osjećaj da nisi potpuno angekommen.",osjećaj,BS,BS
99,"Nije problem raditi, nego je problem što stalno imaš osjećaj da nisi potpuno angekommen.",da,BS,BS
99,"Nije problem raditi, nego je problem što stalno imaš osjećaj da nisi potpuno angekommen.",nisi,BS,BS
99,"Nije problem raditi, nego je problem što stalno imaš osjećaj da nisi potpuno angekommen.",potpuno,BS,BS
99,"Nije problem raditi, nego je problem što stalno imaš osjećaj da nisi potpuno angekommen.",angekommen,DE,DE
100,"Ako nisi spreman na kompromis, teško ćeš se uklopiti u taj način života.",Ako,BS,BS
100,"Ako nisi spreman na kompromis, teško ćeš se uklopiti u taj način života.",nisi,BS,BS
100,"Ako nisi spreman na kompromis, teško ćeš se uklopiti u taj način života.",spreman,BS,BS
100,"Ako nisi spreman na kompromis, teško ćeš se uklopiti u taj način života.",na,BS,BS
100,"Ako nisi spreman na kompromis, teško ćeš se uklopiti u taj način života.",kompromis,DE,DE
100,"Ako nisi spreman na kompromis, teško ćeš se uklopiti u taj način života.",teško,BS,BS
100,"Ako nisi spreman na kompromis, teško ćeš se uklopiti u taj način života.",ćeš,BS,BS
100,"Ako nisi spreman na kompromis, teško ćeš se uklopiti u taj način života.",se,BS,BS
100,"Ako nisi spreman na kompromis, teško ćeš se uklopiti u taj način života.",uklopiti,BS,BS
100,"Ako nisi spreman na kompromis, teško ćeš se uklopiti u taj način života.",u,BS,BS
100,"Ako nisi spreman na kompromis, teško ćeš se uklopiti u taj način života.",taj,BS,BS
100,"Ako nisi spreman na kompromis, teško ćeš se uklopiti u taj način života.",način,BS,BS
100,"Ako nisi spreman na kompromis, teško ćeš se uklopiti u taj način života.",života,BS,BS
101,"Ono što me najviše iznenadilo je koliko je sve striktno, jer ako zakasniš samo par minuta, Termin je vorbei i moraš čekati novi.",Ono,BS,BS
101,"Ono što me najviše iznenadilo je koliko je sve striktno, jer ako zakasniš samo par minuta, Termin je vorbei i moraš čekati novi.",što,BS,BS
101,"Ono što me najviše iznenadilo je koliko je sve striktno, jer ako zakasniš samo par minuta, Termin je vorbei i moraš čekati novi.",me,BS,BS
101,"Ono što me najviše iznenadilo je koliko je sve striktno, jer ako zakasniš samo par minuta, Termin je vorbei i moraš čekati novi.",najviše,BS,BS
101,"Ono što me najviše iznenadilo je koliko je sve striktno, jer ako zakasniš samo par minuta, Termin je vorbei i moraš čekati novi.",iznenadilo,BS,BS
101,"Ono što me najviše iznenadilo je koliko je sve striktno, jer ako zakasniš samo par minuta, Termin je vorbei i moraš čekati novi.",je,BS,BS
101,"Ono što me najviše iznenadilo je koliko je sve striktno, jer ako zakasniš samo par minuta, Termin je vorbei i moraš čekati novi.",koliko,BS,BS
101,"Ono što me najviše iznenadilo je koliko je sve striktno, jer ako zakasniš samo par minuta, Termin je vorbei i moraš čekati novi.",je,BS,BS
101,"Ono što me najviše iznenadilo je koliko je sve striktno, jer ako zakasniš samo par minuta, Termin je vorbei i moraš čekati novi.",sve,BS,BS
101,"Ono što me najviše iznenadilo je koliko je sve striktno, jer ako zakasniš samo par minuta, Termin je vorbei i moraš čekati novi.",striktno,BS,BS
101,"Ono što me najviše iznenadilo je koliko je sve striktno, jer ako zakasniš samo par minuta, Termin je vorbei i moraš čekati novi.",jer,BS,BS
101,"Ono što me najviše iznenadilo je koliko je sve striktno, jer ako zakasniš samo par minuta, Termin je vorbei i moraš čekati novi.",ako,BS,BS
101,"Ono što me najviše iznenadilo je koliko je sve striktno, jer ako zakasniš samo par minuta, Termin je vorbei i moraš čekati novi.",zakasniš,BS,BS
101,"Ono što me najviše iznenadilo je koliko je sve striktno, jer ako zakasniš samo par minuta, Termin je vorbei i moraš čekati novi.",samo,BS,BS
101,"Ono što me najviše iznenadilo je koliko je sve striktno, jer ako zakasniš samo par minuta, Termin je vorbei i moraš čekati novi.",par,BS,BS
101,"Ono što me najviše iznenadilo je koliko je sve striktno, jer ako zakasniš samo par minuta, Termin je vorbei i moraš čekati novi.",minuta,BS,BS
101,"Ono što me najviše iznenadilo je koliko je sve striktno, jer ako zakasniš samo par minuta, Termin je vorbei i moraš čekati novi.",Termin,DE,DE
101,"Ono što me najviše iznenadilo je koliko je sve striktno, jer ako zakasniš samo par minuta, Termin je vorbei i moraš čekati novi.",je,BS,BS
101,"Ono što me najviše iznenadilo je koliko je sve striktno, jer ako zakasniš samo par minuta, Termin je vorbei i moraš čekati novi.",vorbei,DE,DE
101,"Ono što me najviše iznenadilo je koliko je sve striktno, jer ako zakasniš samo par minuta, Termin je vorbei i moraš čekati novi.",i,BS,BS
101,"Ono što me najviše iznenadilo je koliko je sve striktno, jer ako zakasniš samo par minuta, Termin je vorbei i moraš čekati novi.",moraš,BS,BS
101,"Ono što me najviše iznenadilo je koliko je sve striktno, jer ako zakasniš samo par minuta, Termin je vorbei i moraš čekati novi.",čekati,BS,BS
101,"Ono što me najviše iznenadilo je koliko je sve striktno, jer ako zakasniš samo par minuta, Termin je vorbei i moraš čekati novi.",novi,BS,BS
102,"Meni je trebalo par mjeseci da skontam kako sve funkcioniše, i to samo uz pomoć drugih ljudi.",Meni,BS,BS
102,"Meni je trebalo par mjeseci da skontam kako sve funkcioniše, i to samo uz pomoć drugih ljudi.",je,BS,BS
102,"Meni je trebalo par mjeseci da skontam kako sve funkcioniše, i to samo uz pomoć drugih ljudi.",trebalo,BS,BS
102,"Meni je trebalo par mjeseci da skontam kako sve funkcioniše, i to samo uz pomoć drugih ljudi.",par,BS,BS
102,"Meni je trebalo par mjeseci da skontam kako sve funkcioniše, i to samo uz pomoć drugih ljudi.",mjeseci,BS,BS
102,"Meni je trebalo par mjeseci da skontam kako sve funkcioniše, i to samo uz pomoć drugih ljudi.",da,BS,BS
102,"Meni je trebalo par mjeseci da skontam kako sve funkcioniše, i to samo uz pomoć drugih ljudi.",skontam,BS,BS
102,"Meni je trebalo par mjeseci da skontam kako sve funkcioniše, i to samo uz pomoć drugih ljudi.",kako,BS,BS
102,"Meni je trebalo par mjeseci da skontam kako sve funkcioniše, i to samo uz pomoć drugih ljudi.",sve,BS,BS
102,"Meni je trebalo par mjeseci da skontam kako sve funkcioniše, i to samo uz pomoć drugih ljudi.",funkcioniše,DE,DE
102,"Meni je trebalo par mjeseci da skontam kako sve funkcioniše, i to samo uz pomoć drugih ljudi.",i,BS,BS
102,"Meni je trebalo par mjeseci da skontam kako sve funkcioniše, i to samo uz pomoć drugih ljudi.",to,BS,BS
102,"Meni je trebalo par mjeseci da skontam kako sve funkcioniše, i to samo uz pomoć drugih ljudi.",samo,BS,BS
102,"Meni je trebalo par mjeseci da skontam kako sve funkcioniše, i to samo uz pomoć drugih ljudi.",uz,BS,BS
102,"Meni je trebalo par mjeseci da skontam kako sve funkcioniše, i to samo uz pomoć drugih ljudi.",pomoć,BS,BS
102,"Meni je trebalo par mjeseci da skontam kako sve funkcioniše, i to samo uz pomoć drugih ljudi.",drugih,BS,BS
102,"Meni je trebalo par mjeseci da skontam kako sve funkcioniše, i to samo uz pomoć drugih ljudi.",ljudi,BS,BS
103,"Problem je što niko ne daje jasne informacije, pa moraš sam istraživati sve.",Problem,BS,BS
103,"Problem je što niko ne daje jasne informacije, pa moraš sam istraživati sve.",je,BS,BS
103,"Problem je što niko ne daje jasne informacije, pa moraš sam istraživati sve.",što,BS,BS
103,"Problem je što niko ne daje jasne informacije, pa moraš sam istraživati sve.",niko,BS,BS
103,"Problem je što niko ne daje jasne informacije, pa moraš sam istraživati sve.",ne,BS,BS
103,"Problem je što niko ne daje jasne informacije, pa moraš sam istraživati sve.",daje,BS,BS
103,"Problem je što niko ne daje jasne informacije, pa moraš sam istraživati sve.",jasne,BS,BS
103,"Problem je što niko ne daje jasne informacije, pa moraš sam istraživati sve.",informacije,BS,BS
103,"Problem je što niko ne daje jasne informacije, pa moraš sam istraživati sve.",pa,BS,BS
103,"Problem je što niko ne daje jasne informacije, pa moraš sam istraživati sve.",moraš,BS,BS
103,"Problem je što niko ne daje jasne informacije, pa moraš sam istraživati sve.",sam,BS,BS
103,"Problem je što niko ne daje jasne informacije, pa moraš sam istraživati sve.",istraživati,BS,BS
103,"Problem je što niko ne daje jasne informacije, pa moraš sam istraživati sve.",sve,BS,BS
104,"Ich finde da je to najveći stres, jer nikad nisi siguran da li si sve uradio kako treba.",Ich,DE,DE
104,"Ich finde da je to najveći stres, jer nikad nisi siguran da li si sve uradio kako treba.",finde,DE,DE
104,"Ich finde da je to najveći stres, jer nikad nisi siguran da li si sve uradio kako treba.",da,BS,BS
104,"Ich finde da je to najveći stres, jer nikad nisi siguran da li si sve uradio kako treba.",je,BS,BS
104,"Ich finde da je to najveći stres, jer nikad nisi siguran da li si sve uradio kako treba.",to,BS,BS
104,"Ich finde da je to najveći stres, jer nikad nisi siguran da li si sve uradio kako treba.",najveći,BS,BS
104,"Ich finde da je to najveći stres, jer nikad nisi siguran da li si sve uradio kako treba.",stres,BS,BS
104,"Ich finde da je to najveći stres, jer nikad nisi siguran da li si sve uradio kako treba.",jer,BS,BS
104,"Ich finde da je to najveći stres, jer nikad nisi siguran da li si sve uradio kako treba.",nikad,BS,BS
104,"Ich finde da je to najveći stres, jer nikad nisi siguran da li si sve uradio kako treba.",nisi,BS,BS
104,"Ich finde da je to najveći stres, jer nikad nisi siguran da li si sve uradio kako treba.",siguran,BS,BS
104,"Ich finde da je to najveći stres, jer nikad nisi siguran da li si sve uradio kako treba.",da,BS,BS
104,"Ich finde da je to najveći stres, jer nikad nisi siguran da li si sve uradio kako treba.",li,BS,BS
104,"Ich finde da je to najveći stres, jer nikad nisi siguran da li si sve uradio kako treba.",si,BS,BS
104,"Ich finde da je to najveći stres, jer nikad nisi siguran da li si sve uradio kako treba.",sve,BS,BS
104,"Ich finde da je to najveći stres, jer nikad nisi siguran da li si sve uradio kako treba.",uradio,BS,BS
104,"Ich finde da je to najveći stres, jer nikad nisi siguran da li si sve uradio kako treba.",kako,BS,BS
104,"Ich finde da je to najveći stres, jer nikad nisi siguran da li si sve uradio kako treba.",treba,BS,BS
105,"Ono što ljudi ne shvataju je da nije samo posao problem, nego i svakodnevni život koji je potpuno drugačiji.",Ono,BS,BS
105,"Ono što ljudi ne shvataju je da nije samo posao problem, nego i svakodnevni život koji je potpuno drugačiji.",što,BS,BS
105,"Ono što ljudi ne shvataju je da nije samo posao problem, nego i svakodnevni život koji je potpuno drugačiji.",ljudi,BS,BS
105,"Ono što ljudi ne shvataju je da nije samo posao problem, nego i svakodnevni život koji je potpuno drugačiji.",ne,BS,BS
105,"Ono što ljudi ne shvataju je da nije samo posao problem, nego i svakodnevni život koji je potpuno drugačiji.",shvataju,BS,BS
105,"Ono što ljudi ne shvataju je da nije samo posao problem, nego i svakodnevni život koji je potpuno drugačiji.",je,BS,BS
105,"Ono što ljudi ne shvataju je da nije samo posao problem, nego i svakodnevni život koji je potpuno drugačiji.",da,BS,BS
105,"Ono što ljudi ne shvataju je da nije samo posao problem, nego i svakodnevni život koji je potpuno drugačiji.",nije,BS,BS
105,"Ono što ljudi ne shvataju je da nije samo posao problem, nego i svakodnevni život koji je potpuno drugačiji.",samo,BS,BS
105,"Ono što ljudi ne shvataju je da nije samo posao problem, nego i svakodnevni život koji je potpuno drugačiji.",posao,BS,BS
105,"Ono što ljudi ne shvataju je da nije samo posao problem, nego i svakodnevni život koji je potpuno drugačiji.",problem,DE,BS
105,"Ono što ljudi ne shvataju je da nije samo posao problem, nego i svakodnevni život koji je potpuno drugačiji.",nego,BS,BS
105,"Ono što ljudi ne shvataju je da nije samo posao problem, nego i svakodnevni život koji je potpuno drugačiji.",i,BS,BS
105,"Ono što ljudi ne shvataju je da nije samo posao problem, nego i svakodnevni život koji je potpuno drugačiji.",svakodnevni,BS,BS
105,"Ono što ljudi ne shvataju je da nije samo posao problem, nego i svakodnevni život koji je potpuno drugačiji.",život,BS,BS
105,"Ono što ljudi ne shvataju je da nije samo posao problem, nego i svakodnevni život koji je potpuno drugačiji.",koji,BS,BS
105,"Ono što ljudi ne shvataju je da nije samo posao problem, nego i svakodnevni život koji je potpuno drugačiji.",je,BS,BS
105,"Ono što ljudi ne shvataju je da nije samo posao problem, nego i svakodnevni život koji je potpuno drugačiji.",potpuno,BS,BS
105,"Ono što ljudi ne shvataju je da nije samo posao problem, nego i svakodnevni život koji je potpuno drugačiji.",drugačiji,BS,BS
